timestamp,Imu0_linear_accleration_x,Imu0_linear_accleration_y,Imu0_linear_accleration_z,Imu0_angular_velocity_x,Imu0_angular_velocity_y,Imu0_angular_velocity_z,Imu0_orientation_x,Imu0_orientation_y,Imu0_orientation_z,Imu0_orientation_w,Imu1_linear_accleration_x,Imu1_linear_accleration_y,Imu1_linear_accleration_z,Imu1_angular_velocity_x,Imu1_angular_velocity_y,Imu1_angular_velocity_z,Imu1_orientation_x,Imu1_orientation_y,Imu1_orientation_z,Imu1_orientation_w,Imu2_linear_accleration_x,Imu2_linear_accleration_y,Imu2_linear_accleration_z,Imu2_angular_velocity_x,Imu2_angular_velocity_y,Imu2_angular_velocity_z,Imu2_orientation_x,Imu2_orientation_y,Imu2_orientation_z,Imu2_orientation_w,imu0_to_imu1_translation_x,imu0_to_imu1_translation_y,imu0_to_imu1_translation_z,imu0_to_imu1_rotation_x,imu0_to_imu1_rotation_y,imu0_to_imu1_rotation_z,imu0_to_imu1_rotation_w,imu0_to_imu2_translation_x,imu0_to_imu2_translation_y,imu0_to_imu2_translation_z,imu0_to_imu2_rotation_x,imu0_to_imu2_rotation_y,imu0_to_imu2_rotation_z,imu0_to_imu2_rotation_w
1677734143.1617966,-4.97,4.03,7.21,0.05,0.05,0.01,0.22197980565633244,0.30558094592420726,0.09747271468699127,0.9207846226237665,-8.61,4.23,-0.09,0.01,-0.19,0.0,0.3492177554060026,0.14819233379546154,-0.43443028974716114,0.8169187933103544,-7.27,5.87,-0.13,0.11,0.04,-0.02,0.8155149597017181,0.31096869348854184,-0.24634796719696822,0.4213626718524743,1.623717086550734,0.9058162235672312,-1.0796016820872394,0.0,0.0,0.0,1.0,0.045756320765923224,-1.7815047318531814,-1.20276649832571,0.0,0.0,0.0,1.0
1677734143.2119265,-4.99,3.94,7.3,0.13,0.07,-0.0,0.22094640108350677,0.30634299983165547,0.09601358681183172,0.9209332470108326,-8.65,4.12,-0.15,0.08,-0.13,0.04,0.3526444967845625,0.14700855466234342,-0.43476121617991814,0.8154833098533716,-7.38,5.66,-0.07,0.19,0.14,0.03,0.8171817567434025,0.3101800662783287,-0.24612188553466122,0.41883925364058383,1.6024388627456116,0.9057259182572701,-1.1110131647102905,0.0,0.0,0.0,1.0,0.04047936499319176,-1.7841584448262942,-1.19901629045012,0.0,0.0,0.0,1.0
1677734143.2684197,-4.96,3.86,7.25,0.13,0.06,-0.02,0.21965410359259513,0.30701916132040674,0.09378760373805244,0.9212465439512495,-8.69,4.12,-0.11,0.13,-0.1,0.01,0.3578639274937056,0.1460646436479438,-0.43575864415189003,0.8128425021624335,-7.54,5.86,-0.04,0.21,0.14,0.01,0.8191254314477273,0.3095876422022421,-0.24623720959004217,0.4153989118480462,1.576014800685918,0.8958937456833496,-1.155877045565134,0.0,0.0,0.0,1.0,0.03567167070165536,-1.7892241451798017,-1.1915974530918403,0.0,0.0,0.0,1.0
1677734143.3182962,-4.85,4.08,7.22,0.06,0.05,-0.02,0.21774095730055434,0.3060622663423389,0.09285148442665929,0.9221135323131285,-8.65,4.5,0.06,0.13,-0.1,-0.01,0.36247065399627104,0.14525804498100353,-0.436992787624912,0.8102792289844414,-7.44,6.18,-0.03,0.18,0.13,-0.01,0.8203429503137017,0.3094573672906845,-0.24636492548011554,0.41301078096498534,1.558139451506262,0.8727229884379085,-1.197103184822332,0.0,0.0,0.0,1.0,0.03240098635819677,-1.7956930723242648,-1.1819207105765,0.0,0.0,0.0,1.0
1677734143.391029,-4.97,3.98,7.27,0.1,0.06,0.0,0.21562852192550996,0.30604711794888906,0.09123498887321177,0.9227760719333284,-8.65,4.25,-0.05,0.07,-0.1,0.03,0.36750987240707833,0.14464776441275815,-0.437389334361409,0.8079010385688383,-7.32,5.77,-0.01,0.16,0.15,0.02,0.8222979344574217,0.308932223955464,-0.24542531883213006,0.4100651178351264,1.532000385190024,0.8539696910673862,-1.2434671634248693,0.0,0.0,0.0,1.0,0.023562265058186926,-1.8026748520336835,-1.1714555892182446,0.0,0.0,0.0,1.0
1677734143.4503293,-4.91,4.03,7.32,0.1,0.0,0.01,0.21479264596302755,0.30350323778259514,0.09020248434757655,0.9239120173010028,-8.94,4.43,0.06,0.07,-0.19,0.02,0.37038622732697507,0.14210638689467273,-0.4389575782860048,0.8061861211131819,-7.61,6.07,-0.03,0.14,0.04,0.01,0.8227520228156361,0.3075318115434958,-0.2472578163210204,0.409104957327231,1.5220049649482965,0.8382800984751126,-1.266209841682369,0.0,0.0,0.0,1.0,0.02664011358967288,-1.805746622164264,-1.1666488078639088,0.0,0.0,0.0,1.0
1677734143.4783163,-4.92,4.12,7.11,0.1,0.04,0.01,0.21421530235896663,0.3029626762119381,0.08976492789728882,0.9242660216503426,-8.57,4.52,0.0,0.06,-0.1,0.02,0.37222353145432835,0.1419157813171072,-0.4391917783505863,0.8052453883593951,-7.36,6.11,-0.1,0.14,0.13,0.01,0.8232872254876975,0.3073531283997105,-0.24703248065333036,0.4082978720418981,1.5153099713572606,0.8276790775374686,-1.2811256906767512,0.0,0.0,0.0,1.0,0.024826226433083565,-1.8086931133917252,-1.1621156913364696,0.0,0.0,0.0,1.0
1677734143.523624,-4.97,3.84,7.3,0.08,0.03,0.01,0.21241024782756723,0.30254834995674396,0.08881670954727826,0.9249097116267498,-8.38,4.19,-0.09,0.04,-0.14,0.0,0.37431163055643546,0.14132924814521697,-0.44025370364964,0.8037994297532595,-7.24,5.76,-0.1,0.14,0.09,0.0,0.8238389921572312,0.306927288913502,-0.2475921483069043,0.40716468709643383,1.502698301004439,0.8145056017039383,-1.30421564204363,0.0,0.0,0.0,1.0,0.020974937685778433,-1.8111101253075164,-1.1584214112306757,0.0,0.0,0.0,1.0
1677734143.5661764,-4.85,4.04,7.25,0.1,0.05,0.0,0.21185632181488806,0.30151993415021516,0.08823297201259764,0.9254283175194827,-8.79,4.35,0.01,0.08,-0.12,0.03,0.37720405923094835,0.1405326141528414,-0.4407201370664532,0.8023300086891866,-7.66,6.03,-0.05,0.16,0.12,0.03,0.824885541440746,0.3061615786279826,-0.2474717590668073,0.4056928145264706,1.492322521873319,0.8002354383841639,-1.324800639290215,0.0,0.0,0.0,1.0,0.01982738281172349,-1.8147211913336445,-1.1527765926732876,0.0,0.0,0.0,1.0
1677734143.5894516,-4.88,4.01,7.23,0.13,0.02,0.01,0.21177008036800055,0.30081777940227217,0.08774526851703732,0.925722887536702,-8.79,4.36,-0.02,0.08,-0.16,0.03,0.37857936945125026,0.1397214974061439,-0.44115681834686404,0.8015835738178214,-7.48,5.95,0.02,0.16,0.08,0.04,0.8253803089679808,0.30545202030018254,-0.2477308308339094,0.4050627658978281,1.4872719481616865,0.7948269071261421,-1.3337062419887045,0.0,0.0,0.0,1.0,0.020058931611521634,-1.815987253980262,-1.1507770994609823,0.0,0.0,0.0,1.0
1677734143.625368,-4.9,4.01,7.23,0.07,0.03,-0.0,0.21044691611975677,0.2999926485686264,0.08711586393639675,0.9263516246820532,-8.59,4.44,0.05,0.06,-0.15,-0.0,0.3804422207366197,0.13892762103618655,-0.44212484105258004,0.8003052278465045,-7.23,6.03,-0.03,0.14,0.08,-0.01,0.8257369577805416,0.30514492436448487,-0.24831529236576919,0.40420856901756974,1.4778291994310242,0.7821703714208379,-1.3515658945757865,0.0,0.0,0.0,1.0,0.018407659909650723,-1.8184999699423015,-1.1468299862562452,0.0,0.0,0.0,1.0
1677734143.6511154,-4.85,4.16,7.23,0.06,0.05,0.0,0.21012710125043968,0.2989358356177248,0.0871650815583902,0.9267611429384269,-8.64,4.23,-0.02,0.06,-0.1,0.01,0.38204548881882333,0.13887270389606793,-0.4425003971611825,0.7993428645443563,-7.3,5.87,-0.04,0.15,0.13,0.0,0.8262349681812594,0.30506672309903005,-0.2482267193660217,0.4033033196056228,1.4758911080943362,0.7681612658955125,-1.36168047155927,0.0,0.0,0.0,1.0,0.019277487695147116,-1.8216671808053126,-1.1417780260825603,0.0,0.0,0.0,1.0
1677734143.6910985,-4.89,4.03,7.26,0.13,0.04,0.01,0.2098962460380291,0.2981429615316636,0.08639221701174012,0.9271411571212167,-8.65,4.3,0.0,0.08,-0.09,0.04,0.3850300116662841,0.13852099326190764,-0.4425767621283158,0.797928338991674,-7.37,5.97,-0.05,0.17,0.14,0.04,0.8274664523704914,0.30425397167461526,-0.24770779443741625,0.40170840107790456,1.465338674012803,0.7536082702023217,-1.3810710139326885,0.0,0.0,0.0,1.0,0.017532739529923746,-1.825553902866417,-1.1355815914207874,0.0,0.0,0.0,1.0
1677734143.7192988,-4.88,3.97,7.34,0.1,0.03,0.0,0.2092773707565171,0.2974867049535489,0.08579419453632996,0.9275473026476773,-8.78,4.32,0.05,0.08,-0.12,0.02,0.38689192080212675,0.13805946545452813,-0.44303439094929775,0.796853031651782,-7.54,5.96,-0.06,0.15,0.12,0.01,0.8280133970554531,0.30400611905695546,-0.24768847161596702,0.4007798833538969,1.4574869321046684,0.742752071588874,-1.3951885904402164,0.0,0.0,0.0,1.0,0.016211505699523482,-1.8285380167204532,-1.1307899488813058,0.0,0.0,0.0,1.0
1677734143.7715359,-4.81,4.0,7.24,0.07,0.02,0.01,0.20791745036301915,0.2954271531298121,0.08535145921060397,0.9285516999277836,-8.43,4.19,0.03,0.06,-0.15,0.0,0.3895076538834026,0.13699443029813618,-0.44452339100854543,0.7949309834695087,-7.11,5.88,-0.01,0.13,0.09,-0.0,0.8285669728083884,0.3035196934530633,-0.24814826403998583,0.39971865894806946,1.449893327317635,0.7195076953823349,-1.4151388679862476,0.0,0.0,0.0,1.0,0.015554225790731051,-1.8333269900481257,-1.1230183496368749,0.0,0.0,0.0,1.0
1677734143.829273,-4.82,4.07,7.16,0.08,0.01,-0.0,0.20689155382065194,0.29269157783295535,0.08460029876232263,0.9297151793278721,-8.46,4.21,0.02,0.08,-0.14,0.01,0.3930098004291972,0.13567621685734083,-0.4459160665867237,0.7926500630831408,-7.23,6.01,-0.03,0.15,0.09,-0.0,0.8294131912081193,0.3028243171680985,-0.2488165233647248,0.3980722659044837,1.4408389708703284,0.6911619419693098,-1.4383247998955397,0.0,0.0,0.0,1.0,0.0169896038235585,-1.8397308885076464,-1.1124754429796573,0.0,0.0,0.0,1.0
1677734143.888912,-4.89,3.92,7.35,0.09,0.04,-0.01,0.20448021488020998,0.29267941037477935,0.08275340962785076,0.9304184422399309,-9.03,4.41,0.01,0.07,-0.12,0.02,0.39664987136145835,0.13484593936210584,-0.4468860112985447,0.7904292157379855,-7.74,5.93,0.04,0.16,0.1,0.01,0.8305331442978827,0.3020097823595686,-0.24941574563175478,0.39597547072104633,1.4153392087266978,0.6735097080998376,-1.4716316106064573,0.0,0.0,0.0,1.0,0.01074000412518222,-1.8427301194441172,-1.1075786018178844,0.0,0.0,0.0,1.0
1677734143.916578,-4.91,4.06,7.27,0.07,0.02,-0.01,0.2032755727696204,0.2921323267517812,0.08202367678864582,0.9309188265514051,-8.73,4.39,0.0,0.08,-0.16,-0.0,0.3981772188165445,0.13404235709145845,-0.44778673643521955,0.7892873922682301,-7.44,5.95,-0.0,0.16,0.09,0.01,0.8310258805654804,0.30154475834702776,-0.24975917266148617,0.3950786000471934,1.4054795894354664,0.663830424873784,-1.4854145181370093,0.0,0.0,0.0,1.0,0.008274279658506302,-1.8447094790086558,-1.1042999929148538,0.0,0.0,0.0,1.0
1677734144.022061,-4.91,4.06,7.15,0.07,0.02,0.0,0.2035507108894182,0.30209185723677007,0.07814300697371518,0.9280093147963319,-8.6,4.34,-0.0,0.04,-0.15,0.01,0.40261419637857426,0.13212264548067143,-0.4503055135904217,0.7859200721801741,-7.38,6.0,-0.11,0.13,0.08,0.01,0.8321542278112948,0.29989197778918314,-0.2509702054030586,0.39318964736298206,1.34932721143137,0.7190977270139776,-1.511527219567737,0.0,0.0,0.0,1.0,-0.002177621806297063,-1.8271199564442886,-1.1331936827949094,0.0,0.0,0.0,1.0
1677734144.0480409,-5.01,3.99,7.22,0.09,0.03,0.02,0.20331044015026364,0.30102899624245044,0.07804954069858444,0.9284151428880878,-8.63,4.38,-0.05,0.05,-0.14,0.02,0.4038856148184885,0.13163313534254814,-0.4507986517999886,0.7850666872042749,-7.32,5.87,-0.11,0.14,0.12,0.03,0.8326873025976262,0.29944685077691413,-0.25078216488076294,0.3925197389051858,1.3471410294691117,0.7085920519828692,-1.518422981447399,0.0,0.0,0.0,1.0,-0.002182956783798339,-1.8296805860460716,-1.1290545548137978,0.0,0.0,0.0,1.0
1677734144.087397,-4.93,4.08,7.19,0.07,0.03,0.02,0.20458216454201322,0.29842317388774436,0.07887323578576279,0.9289072934985242,-8.43,4.42,-0.04,0.05,-0.15,0.01,0.4057211791727726,0.13076927279698544,-0.45175721111333206,0.7837124117110225,-7.19,5.98,-0.15,0.13,0.1,0.01,0.8332118974477033,0.2989607908275114,-0.2508627525007588,0.39172472337999037,1.3557745834253556,0.692210814138227,-1.518294921195449,0.0,0.0,0.0,1.0,0.005738925767002831,-1.8332946194805155,-1.1231642368393113,0.0,0.0,0.0,1.0
1677734144.115414,-4.98,4.06,7.15,0.08,0.04,0.02,0.20413346223964843,0.2974399762527881,0.07883121463561582,0.9293248246549042,-8.37,4.28,-0.04,0.05,-0.12,0.02,0.40721445332597717,0.1304546604556386,-0.4521799856432604,0.782745955691558,-7.26,5.81,-0.11,0.14,0.13,0.02,0.8337780967897253,0.29865325494142025,-0.2505994527469388,0.3909222849998877,1.3522160397750203,0.6798083256089328,-1.5270469613629896,0.0,0.0,0.0,1.0,0.0052691905533319835,-1.8360923117910821,-1.1185871705918102,0.0,0.0,0.0,1.0
1677734144.153538,-4.89,3.98,7.25,0.09,0.01,0.02,0.20393469568289047,0.29541135304159566,0.07870123130884092,0.9300262838120937,-9.14,4.41,0.02,0.05,-0.17,-0.0,0.4087004309346323,0.12952770879873204,-0.4534942348022534,0.7813638777217152,-7.88,6.07,0.03,0.12,0.07,0.01,0.8340492885116244,0.29807818457137836,-0.25120769145081673,0.3903919517252317,1.3532116426445442,0.6636411040812104,-1.5332640787500127,0.0,0.0,0.0,1.0,0.008074598057595726,-1.8390725283201608,-1.113663789679946,0.0,0.0,0.0,1.0
1677734144.189264,-4.89,4.07,7.3,0.06,0.0,0.03,0.20408005681354396,0.2927861406612813,0.07921800968757621,0.9307803786010922,-8.65,4.31,0.05,0.03,-0.21,0.0,0.40951018523590293,0.1282245679536683,-0.45495424514741856,0.780305390974261,-7.29,6.0,0.0,0.11,0.04,0.0,0.8340637637424373,0.297466371889339,-0.2521489037447944,0.3902208681594201,1.3603349293364282,0.649586658401359,-1.532979469286595,0.0,0.0,0.0,1.0,0.01374443467556593,-1.8412669956617325,-1.1099760993833452,0.0,0.0,0.0,1.0
1677734144.216129,-4.93,3.97,7.11,0.06,0.03,0.0,0.20269976456644845,0.2946021587613296,0.07811111343314005,0.93060250776371,-8.39,4.26,-0.04,0.05,-0.11,-0.03,0.4109027159679837,0.1283082317005992,-0.4558388881922002,0.7790422733714124,-7.02,5.83,-0.07,0.13,0.12,-0.04,0.8342908562794773,0.2977979165445333,-0.25223884843909916,0.38942358861310533,1.3445947409481644,0.649265879700601,-1.5469385249812426,0.0,0.0,0.0,1.0,0.00828997003962938,-1.8407455156621333,-1.1108947848317987,0.0,0.0,0.0,1.0
1677734144.2628486,-4.91,4.14,7.08,0.08,0.01,0.05,0.20877757913069506,0.2950017982362533,0.07981529983719392,0.9289862105551417,-8.49,4.37,-0.08,0.04,-0.13,0.06,0.413211197892349,0.127303766596535,-0.4558867175480476,0.7779572981275845,-7.41,6.0,-0.16,0.14,0.11,0.05,0.8353324346248417,0.2964845123093144,-0.25188669659931257,0.3884195537054336,1.358227599666458,0.6677112687912887,-1.527049262150183,0.0,0.0,0.0,1.0,0.026145160884987893,-1.835028167095455,-1.1200393102604,0.0,0.0,0.0,1.0
1677734144.3256376,-4.98,3.93,7.36,0.07,0.01,0.02,0.2059575896258783,0.2940076567805999,0.0786597027141258,0.9300288276170825,-8.75,4.07,-0.09,0.05,-0.13,0.0,0.41614916844085814,0.1268276354721013,-0.4576007252567633,0.7754587008545474,-7.6,5.74,0.04,0.13,0.12,0.02,0.8363826758828705,0.29582215594668043,-0.2515828808478428,0.3868582758561162,1.3414491704821447,0.6407758124468363,-1.553196858481198,0.0,0.0,0.0,1.0,0.017851980858094297,-1.8402456644505574,-1.111610184035019,0.0,0.0,0.0,1.0
1677734144.3706217,-5.01,4.04,7.16,0.07,0.03,-0.02,0.20380232103560708,0.2972760501147897,0.07630495199518378,0.9296607543989694,-8.62,4.29,-0.14,0.08,-0.12,-0.02,0.41888848066087175,0.12642123031410052,-0.4591101222759371,0.7731545828094597,-7.45,6.04,-0.14,0.14,0.11,-0.02,0.8369139121187008,0.29588170628977845,-0.25185239101359974,0.3854860473816835,1.31079787992997,0.6430358142791558,-1.5782312439960875,0.0,0.0,0.0,1.0,0.007965511335577017,-1.8386762511834147,-1.1143187129198124,0.0,0.0,0.0,1.0
1677734144.4265559,-5.04,3.95,7.02,0.13,0.05,0.0,0.20404002160276027,0.3029436835212189,0.07360171248005494,0.927995464492658,-8.37,4.27,-0.07,0.08,-0.12,0.05,0.42254617850222403,0.1250554074704969,-0.45945961706717336,0.7711762006053096,-7.25,5.83,-0.26,0.17,0.11,0.04,0.8383849904853127,0.2943296028130246,-0.2518070140840716,0.3835021776925571,1.2704793931552687,0.6709129453879046,-1.5994555108782322,0.0,0.0,0.0,1.0,-0.0002777239176652897,-1.8303855234392887,-1.1279134534410458,0.0,0.0,0.0,1.0
1677734144.4572625,-4.96,3.85,7.28,0.14,0.1,-0.07,0.20386360895447825,0.303120152050493,0.0721290658964837,0.9280922369128201,-8.63,4.22,-0.0,0.16,-0.05,0.03,0.42590625666664483,0.12475901256867557,-0.4596337126390578,0.7692697183177895,-7.22,5.75,-0.02,0.26,0.14,0.01,0.8397034826482264,0.2937047267468735,-0.25198204548032815,0.38097328445776096,1.253606846226811,0.65841193029859,-1.6178577209179281,0.0,0.0,0.0,1.0,1.6389984999889147e-05,-1.8333586905049537,-1.1230743126264306,0.0,0.0,0.0,1.0
1677734144.50251,-4.91,3.87,7.11,0.09,0.1,-0.09,0.2028632244337375,0.30300815601378095,0.07010516041990446,0.9285030080963523,-8.53,3.92,-0.1,0.16,-0.1,-0.03,0.43009100398060107,0.12411888534850117,-0.4614696533018936,0.7659386331007427,-7.29,5.57,-0.05,0.25,0.11,-0.06,0.8408976331088049,0.2939452135005763,-0.253416540619285,0.37718356145604315,1.2340665980648697,0.6368844523460537,-1.6413280677245685,0.0,0.0,0.0,1.0,0.0038198168719051,-1.8386649383013665,-1.1143593018682514,0.0,0.0,0.0,1.0
1677734144.5425155,-5.06,3.91,6.9,0.09,0.17,-0.18,0.20176907706934843,0.3101973502663769,0.06569652603808403,0.9266880866250679,-7.83,3.53,-0.41,0.26,0.03,-0.02,0.4365403336960884,0.1245098336037569,-0.4620540599384743,0.761863428763217,-6.61,5.15,-0.26,0.37,0.23,-0.13,0.8430345898098599,0.2955850714859999,-0.25385959481969167,0.37077951941378817,1.1753397756856356,0.6450850332522544,-1.68075629154413,0.0,0.0,0.0,1.0,-0.0007436712677925842,-1.8390878491515745,-1.1136675132444511,0.0,0.0,0.0,1.0
1677734144.603629,-5.06,3.73,6.79,0.26,0.46,-0.41,0.1993402692119575,0.32501703040250024,0.05314154945379771,0.9229319383034126,-7.3,3.16,-0.53,0.53,0.39,0.01,0.4576332732816608,0.12927031903668418,-0.45839446834912884,0.7508232036828553,-6.2,4.2,-0.37,0.74,0.55,-0.14,0.8525605952295658,0.2991541459507724,-0.24995635088166135,0.34809345164222205,1.010428703747266,0.6040815462832985,-1.7990606771544972,0.0,0.0,0.0,1.0,-0.012798836105151016,-1.8606280070385048,-1.0772184593750123,0.0,0.0,0.0,1.0
1677734144.6838498,-4.07,3.42,5.43,0.94,3.01,-1.58,0.21099199517271008,0.44248449813568763,0.009390564438730037,0.8715512975047252,-1.55,0.8,0.67,1.66,2.74,0.27,0.5565882795762882,0.18051604026451454,-0.40636580515036735,0.7017765161716524,-1.83,1.74,0.94,2.28,2.61,-0.39,0.8963708991112869,0.32241972406516417,-0.1929585355923633,0.2352269888899171,0.07509350852954197,0.554312957892791,-2.0759571550706117,0.0,0.0,0.0,1.0,-0.08855560731106893,-1.9041243655858262,-0.9944688556189889,0.0,0.0,0.0,1.0
1677734144.7285213,-2.37,2.74,6.23,1.3,4.2,-2.08,0.21349012926575478,0.5288033280671961,-0.023518518995419284,0.8211186785084181,-3.69,-0.04,3.02,2.33,3.53,0.28,0.6215036113165084,0.21191451887507512,-0.36776113891085177,0.6584658248667709,-2.77,0.83,3.86,3.07,3.04,-0.57,0.9169318149536397,0.33499729255447236,-0.15729865766138612,0.14923134055862308,-0.636537091973152,0.4460454937261414,-2.0045857297878196,0.0,0.0,0.0,1.0,-0.1353488225657547,-1.9175369867561303,-0.9629291773813292,0.0,0.0,0.0,1.0
1677734144.765053,3.89,4.36,9.62,1.65,4.36,-1.83,0.22179273010343523,0.5967031608063288,-0.049217837206341854,0.769630383533376,-9.15,4.15,11.42,2.77,3.88,1.58,0.6827477439392914,0.22112237955937514,-0.3150792551565404,0.6210358076422058,-4.31,7.34,10.91,3.64,3.85,0.43,0.9361334391677645,0.3261438204095681,-0.11358081376188743,0.0662102048461722,-1.2562590245368375,0.30211577629719993,-1.7184409565015881,0.0,0.0,0.0,1.0,-0.1679246799917827,-1.9269566506898015,-0.9386902408206871,0.0,0.0,0.0,1.0
1677734144.7898228,5.39,2.35,11.15,1.45,0.94,-0.67,0.23116124891295145,0.6056045545750521,-0.06357328569862919,0.7587924866684155,-14.52,6.05,10.53,0.94,1.44,0.35,0.6953829525688598,0.2257377182949362,-0.3036156185539506,0.6109849326994182,-11.74,10.5,9.79,1.26,1.38,-0.22,0.9379134118028627,0.32789876036557847,-0.10322268525288007,0.046323991194796424,-1.3720926673442202,0.22092477189674675,-1.6404432197984158,0.0,0.0,0.0,1.0,-0.13352956760201742,-1.9505106561076002,-0.894526710046557,0.0,0.0,0.0,1.0
1677734144.8721063,4.81,1.85,10.24,0.23,-0.21,0.02,0.23808294571135502,0.595306290652094,-0.07024439795778195,0.7641941218218034,-9.68,3.26,9.81,-0.11,0.48,0.04,0.6956949112977766,0.2384183308623065,-0.2903583053248297,0.6122559468327794,-6.71,6.95,8.98,-0.09,0.61,0.04,0.9404782922267563,0.32760911370190354,-0.07925342929700133,0.04349418828260229,-1.3966516716601791,0.09506746568824063,-1.631816866261788,0.0,0.0,0.0,1.0,-0.09026431780151233,-1.9975459980400374,-0.7900394538540835,0.0,0.0,0.0,1.0
1677734144.9513612,4.19,1.83,9.85,-0.91,1.27,-0.08,0.2113207631040811,0.6333736279923695,-0.03848508663899286,0.743438148436897,-7.51,0.24,7.34,0.2,0.09,-0.26,0.6961671176449931,0.24627612867292076,-0.29890153171103573,0.6044479192590025,-5.38,2.32,7.77,0.35,0.25,-0.34,0.9370967378825854,0.3395563334545584,-0.07628250300604858,0.027058824731421856,-1.356278581717686,0.3044046698848558,-1.6402274859683805,0.0,0.0,0.0,1.0,-0.18769983592624145,-1.9401745346631056,-0.9071888153179923,0.0,0.0,0.0,1.0
1677734144.9968028,4.38,2.63,8.38,0.29,0.21,-0.27,0.21263375260134174,0.636491686890635,-0.04578635853249965,0.7399789383125162,-6.4,1.77,7.53,0.31,-0.24,0.02,0.697219125716855,0.24059357290251007,-0.3055267179251245,0.6022073131792162,-4.9,4.42,7.37,0.38,-0.06,0.02,0.9373044617870514,0.3383508205931823,-0.08104804145912471,0.020255446024366526,-1.3723541425204229,0.3244635516465122,-1.6229194407486667,0.0,0.0,0.0,1.0,-0.17983113447187116,-1.9390719513337304,-0.9111315660349819,0.0,0.0,0.0,1.0
1677734145.0246584,4.85,2.37,8.54,0.06,0.07,-0.18,0.2117477796463798,0.6368458894909299,-0.04772672384326462,0.7398056168241244,-6.91,1.99,8.22,0.26,-0.08,-0.07,0.6977998714380269,0.23952999590958246,-0.3085976628703913,0.6003900423487727,-4.59,4.59,7.81,0.35,0.1,-0.12,0.9369166145927421,0.33950680738192174,-0.0817352377224975,0.015547860169701989,-1.3688311464934968,0.3204032973463955,-1.6266969660753832,0.0,0.0,0.0,1.0,-0.16705039917265607,-1.942933530030736,-0.9053195358648564,0.0,0.0,0.0,1.0
1677734145.0730953,4.88,2.56,8.31,0.01,0.06,-0.03,0.2116607388934213,0.6365662493309474,-0.04765517462545027,0.7400757570379121,-6.69,2.0,8.0,0.08,-0.21,-0.03,0.6954177433689592,0.23641887290060631,-0.3145007647326828,0.6013231641360482,-4.35,4.41,7.69,0.13,0.04,-0.0,0.9370095948883558,0.3391880663321129,-0.08242384749230906,0.013068439448005247,-1.3473277443834406,0.35187256172879344,-1.6381067271447993,0.0,0.0,0.0,1.0,-0.15935752709685927,-1.9427165380845528,-0.9071701225295852,0.0,0.0,0.0,1.0
1677734145.1329424,4.72,2.41,8.19,0.1,0.0,0.02,0.21440343852261437,0.6344288231356041,-0.048579429479352294,0.7410609104222895,-6.1,1.76,7.87,0.05,-0.24,-0.01,0.6917538456975776,0.23183405609216087,-0.32178447468861543,0.6034768754872389,-4.0,3.95,7.51,0.11,-0.01,0.01,0.9370879021209898,0.3385399099551984,-0.08447009744413601,0.011036109087290703,-1.317861465959437,0.39410260907408257,-1.6523995552106168,0.0,0.0,0.0,1.0,-0.14207214631042642,-1.9430305415930416,-0.9093667135316759,0.0,0.0,0.0,1.0
1677734145.1535976,4.69,2.21,8.33,0.01,0.17,0.01,0.21465841798619947,0.6350617694639056,-0.04801811770903369,0.7404813116647284,-6.52,1.31,7.65,0.05,-0.05,-0.05,0.691004913067322,0.23178567084949847,-0.32322696998031264,0.6035825865472072,-4.54,3.47,7.55,0.14,0.16,-0.05,0.9370505232755606,0.3388898411875075,-0.08367818665388317,0.009378349919998662,-1.31063369491478,0.4066533936034636,-1.6551049317867486,0.0,0.0,0.0,1.0,-0.1385057218352359,-1.9431595744638164,-0.9096411562745494,0.0,0.0,0.0,1.0
1677734145.2077875,4.61,2.2,8.22,0.14,-0.0,-0.05,0.21669006304656716,0.6334758360110895,-0.05098685776275657,0.7410493385075023,-6.29,1.84,7.78,0.11,-0.13,0.01,0.68968062364854,0.22854816348545315,-0.3278186847779481,0.6038553504289282,-4.12,3.89,7.47,0.2,0.08,-0.0,0.9372386060577512,0.33836871071089425,-0.08409064196333785,0.004378910933604796,-1.300420664029998,0.4201294410936954,-1.659788344726543,0.0,0.0,0.0,1.0,-0.11684055111729699,-1.9481301280260979,-0.902018453187974,0.0,0.0,0.0,1.0
1677734145.231772,4.73,2.27,8.16,0.07,0.08,-0.03,0.217173188893234,0.6334779640742363,-0.0513712536849969,0.7408795241826677,-6.39,1.63,7.79,0.09,-0.11,-0.01,0.6889646480088779,0.2275284087784072,-0.3297848266903585,0.603987172941263,-4.03,3.82,7.48,0.18,0.1,-0.03,0.9372123836759146,0.33849351918889964,-0.08396373673496145,0.0022751406827716944,-1.2942102174148065,0.4306547183587992,-1.6619435690463205,0.0,0.0,0.0,1.0,-0.10987010015532268,-1.9491006436152547,-0.900797003852954,0.0,0.0,0.0,1.0
1677734145.2935321,4.9,2.26,8.22,0.05,0.09,-0.03,0.21797680036638392,0.6337580137181777,-0.051905867061085936,0.7403665818462232,-6.56,1.56,7.87,0.1,-0.13,-0.0,0.6871420498950426,0.22422964817419033,-0.3351949018408991,0.6043188280416121,-4.38,3.68,7.67,0.17,0.1,0.02,0.9376473083486184,0.33737830033490945,-0.08358063939438723,-0.00277206207436762,-1.277244408943866,0.4611671593740993,-1.6668747916194717,0.0,0.0,0.0,1.0,-0.09740318217434663,-1.9493429037811363,-0.901706639423509,0.0,0.0,0.0,1.0
1677734145.3341959,4.77,2.23,8.19,0.11,-0.01,-0.03,0.21929852681608786,0.6323620544194141,-0.053480746144287036,0.7410574863386793,-6.31,1.61,7.88,0.09,-0.14,-0.02,0.685644659041408,0.22224716393443109,-0.33905787790372477,0.6045968533514845,-4.1,3.83,7.59,0.16,0.08,-0.03,0.9375466501348264,0.3376128670074674,-0.08360447657408167,-0.005841433791253034,-1.2633949425261342,0.47333794905242554,-1.6740025105077438,0.0,0.0,0.0,1.0,-0.08143001868682122,-1.9531196314158175,-0.8950937701910368,0.0,0.0,0.0,1.0
1677734145.3712945,4.86,2.42,8.21,0.13,0.07,0.03,0.2215877309928247,0.6319186752772343,-0.05397742549479382,0.7407186394618883,-6.51,1.69,7.81,0.04,-0.15,0.07,0.6839975692575511,0.21950525368026508,-0.34150666655701123,0.6060841241557497,-4.36,3.95,7.57,0.12,0.1,0.08,0.9381740228690609,0.3359601487603631,-0.08305486448898684,-0.007884842630857892,-1.2557737155859343,0.49967433899744723,-1.6720819149165391,0.0,0.0,0.0,1.0,-0.0736829033344542,-1.9526842628778533,-0.8967134432277566,0.0,0.0,0.0,1.0
1677734145.401898,4.8,2.24,8.29,0.16,-0.07,0.06,0.22396657371103185,0.6298319974865244,-0.054827553407382844,0.7417173101590904,-6.47,1.79,7.92,0.01,-0.17,0.04,0.6821408438689032,0.2175155193382287,-0.3438954011423959,0.6075416208342864,-4.33,3.88,7.59,0.08,0.08,0.06,0.9385633905779689,0.3349374976572778,-0.082679979638616,-0.00892499281937213,-1.2429808637313386,0.5153977509698326,-1.6768612735384323,0.0,0.0,0.0,1.0,-0.06175427554577659,-1.9548377642782973,-0.8929141754968638,0.0,0.0,0.0,1.0
1677734145.449782,4.84,2.32,8.24,0.02,0.06,0.07,0.22553239311564102,0.6289987157865586,-0.05314114544712757,0.7420726203377668,-6.43,1.45,7.79,-0.01,-0.14,-0.01,0.6789038113677899,0.21587857190589418,-0.3478011429203798,0.6095247510031382,-4.13,3.66,7.56,0.08,0.12,0.0,0.9387645893495331,0.33468108617641235,-0.08116653656880773,-0.01102767793343478,-1.2159904711039762,0.5514631243766375,-1.6851574397180478,0.0,0.0,0.0,1.0,-0.05060029906714156,-1.9550208119799073,-0.8932151109669715,0.0,0.0,0.0,1.0
1677734145.5129254,4.8,2.35,8.32,0.1,-0.03,0.01,0.2281254941694026,0.6260549913253958,-0.05455777753061963,0.7436648140509566,-6.71,1.44,7.66,0.06,-0.19,0.02,0.6755618698212064,0.21139748038222148,-0.35398928694531484,0.611243691222798,-4.54,3.67,7.56,0.14,0.06,0.03,0.9391576709086158,0.33330640578391224,-0.08166191525744053,-0.01486743533366533,-1.1883824441570028,0.5823058750280391,-1.6944518388928196,0.0,0.0,0.0,1.0,-0.02792572066928554,-1.9574239371978661,-0.8889385154271949,0.0,0.0,0.0,1.0
1677734145.538507,4.74,2.36,8.16,0.02,0.04,0.03,0.22862288026491553,0.6255237692941532,-0.054085042338055535,0.7439935489389004,-6.49,1.77,7.81,0.05,-0.16,-0.02,0.6741422662464563,0.21016519728779234,-0.35647549622315733,0.6117908264280605,-4.19,3.87,7.53,0.1,0.1,0.0,0.9392365586809928,0.3331439046994801,-0.08117578410049002,-0.01613436315260396,-1.1741335531237265,0.5976249657195127,-1.699045261250507,0.0,0.0,0.0,1.0,-0.02194062240114519,-1.9577793931716874,-0.8883233964953018,0.0,0.0,0.0,1.0
1677734145.5885632,4.62,2.41,8.06,0.16,-0.03,0.02,0.2319715596104837,0.6230231831182366,-0.05593463347706049,0.7449178650072014,-6.21,1.59,7.6,0.06,-0.15,0.03,0.6718510323539449,0.20696760607758835,-0.36045716766611735,0.6130670686291765,-4.01,3.68,7.38,0.16,0.08,0.03,0.9395685113837278,0.3319999036802051,-0.08120312554985629,-0.01982747521583803,-1.1567226627400846,0.619677239931604,-1.7030833214538381,0.0,0.0,0.0,1.0,0.00015780170997248247,-1.9603031584606365,-0.8830127417132053,0.0,0.0,0.0,1.0
1677734145.6317942,4.61,2.33,8.12,0.15,0.03,0.02,0.2347536055195256,0.6218345396095738,-0.057100775051946814,0.7449510396882464,-6.31,1.63,7.6,0.05,-0.11,0.03,0.6700232198856041,0.20482996756890787,-0.36327169019542593,0.6141231540191316,-4.02,3.77,7.43,0.16,0.12,0.02,0.9398425275309681,0.3311918343960897,-0.08039962105116986,-0.023321518140614582,-1.144782439900686,0.6413540085544067,-1.7031260085519877,0.0,0.0,0.0,1.0,0.016801538390496213,-1.9619379543253777,-0.8792139510297051,0.0,0.0,0.0,1.0
1677734145.6894083,4.75,2.31,8.33,0.12,-0.05,0.05,0.2382059175395011,0.6183608342931763,-0.05801860944343179,0.7466737309023681,-6.72,1.66,7.73,0.02,-0.21,0.04,0.6660052762683992,0.20037729627861037,-0.36864427658301124,0.6167554689350679,-4.63,3.9,7.49,0.07,0.06,0.08,0.9406896192238007,0.3287172591794303,-0.08020764180135855,-0.024793910518691963,-1.1152109310145097,0.6778054788467699,-1.7086205875474672,0.0,0.0,0.0,1.0,0.03350083718483486,-1.9630514946836286,-0.8762456979228408,0.0,0.0,0.0,1.0
1677734145.712438,4.66,2.24,8.09,0.1,0.03,0.03,0.23931803310137295,0.6177274697008384,-0.05818927194199854,0.7468290706984765,-6.21,1.54,7.66,0.04,-0.16,0.02,0.664700608114495,0.1990067066510402,-0.37056359856631604,0.61745611317543,-4.01,3.62,7.36,0.12,0.09,0.03,0.9408490118277678,0.32822051935195257,-0.07995627232111781,-0.026104063583253557,-1.1054553917775667,0.6922928998750555,-1.7091515197818163,0.0,0.0,0.0,1.0,0.040183520858610634,-1.9631991466873622,-0.875633710576185,0.0,0.0,0.0,1.0
1677734145.7670755,4.73,2.36,8.25,0.14,0.07,0.0,0.24234828271440617,0.6171626985060986,-0.05961042557855533,0.7462064798702784,-6.72,1.7,7.74,0.06,-0.12,0.05,0.6624628371563785,0.19572976590475946,-0.37404545888443436,0.6188075975725593,-4.51,4.05,7.51,0.14,0.15,0.05,0.941513800160609,0.3264233708221796,-0.07803064750622,-0.030178885631760646,-1.0951673052516886,0.7239144117087447,-1.702661592339516,0.0,0.0,0.0,1.0,0.054371128109691594,-1.964431768685743,-0.8720960994100831,0.0,0.0,0.0,1.0
1677734145.7888265,4.76,2.27,8.27,0.13,0.01,0.03,0.243624342141203,0.6163795868652016,-0.060024991914656434,0.7464049739637291,-6.75,1.64,7.69,0.02,-0.14,0.05,0.6612119886026564,0.19447089152061134,-0.37549172641439327,0.6196658308101534,-4.63,3.77,7.59,0.11,0.12,0.05,0.9417549345024254,0.3257435347599535,-0.07747774097012608,-0.0314005184127509,-1.0879564073214785,0.7366861184693327,-1.7018062224068664,0.0,0.0,0.0,1.0,0.061059126231022706,-1.96504042153467,-0.8702803713969142,0.0,0.0,0.0,1.0
1677734145.8476863,4.79,2.41,8.3,0.04,0.04,0.01,0.2448122630150531,0.6152087247941553,-0.059708157624121426,0.7470074408784231,-6.47,1.56,7.76,0.08,-0.18,-0.01,0.6581117741730973,0.19077942705994722,-0.3815879376764134,0.6203891913349859,-4.49,3.86,7.54,0.15,0.05,-0.01,0.9416256207928703,0.32553948179836695,-0.07823094177179503,-0.03528676531492465,-1.0568175528440058,0.7701327078576711,-1.7066142716761212,0.0,0.0,0.0,1.0,0.07799300003530793,-1.9639068437882734,-0.8714855138595679,0.0,0.0,0.0,1.0
1677734145.8809652,4.71,2.46,8.15,0.09,-0.05,0.02,0.24612664413112692,0.6133280764471224,-0.060273170413886495,0.748075858866386,-6.32,1.87,7.72,0.05,-0.19,0.03,0.6560856873409944,0.1882933337797456,-0.3845921908854044,0.6214386840472429,-4.11,3.99,7.48,0.11,0.07,0.04,0.9418716933215254,0.3246752862118765,-0.07811894564835115,-0.03689311824268054,-1.0408279524044453,0.7862744908314714,-1.7090785817396694,0.0,0.0,0.0,1.0,0.08919283822303038,-1.9649385300757363,-0.8680790347851539,0.0,0.0,0.0,1.0
1677734145.9033978,4.71,2.5,8.26,0.06,0.04,0.08,0.24723252599194842,0.6126660886707094,-0.05969177910638614,0.7483002294478395,-6.76,1.75,7.65,-0.01,-0.14,0.03,0.6545005482648046,0.18727957276932353,-0.38615350868999265,0.6224474770378763,-4.66,3.93,7.56,0.09,0.12,0.03,0.9420495165264205,0.3241929501063444,-0.07746673390026612,-0.03795450767047283,-1.0282013383985744,0.8029020821100894,-1.7089910047331038,0.0,0.0,0.0,1.0,0.0953388680383206,-1.9645885595080723,-0.8682178828446051,0.0,0.0,0.0,1.0
1677734145.9720566,4.7,2.32,8.25,0.1,-0.08,0.08,0.2513695117026582,0.6074400991298043,-0.05980283681192367,0.7511681005372811,-6.72,1.56,7.68,-0.01,-0.21,0.01,0.6485290401628637,0.1831430121525226,-0.39295135569294676,0.6256660077263353,-4.48,3.7,7.54,0.08,0.04,0.03,0.9423874968826007,0.3228425417296483,-0.0779434373694522,-0.04004147274914719,-0.9767521684519144,0.8471242293888183,-1.7177996802325013,0.0,0.0,0.0,1.0,0.1231015921572937,-1.9654770289082244,-0.8626969611876684,0.0,0.0,0.0,1.0
1677734146.0038939,4.59,2.37,8.3,0.05,-0.06,0.07,0.25259736905684455,0.6053266513775256,-0.059396952148291715,0.752493333095467,-6.65,1.53,7.58,0.01,-0.23,0.01,0.6458016762423179,0.18091895082134424,-0.3963549032532921,0.6269859000515002,-4.46,3.9,7.39,0.08,0.03,0.02,0.9424798743720915,0.3223721027380966,-0.07830230083561093,-0.040947081259036115,-0.951875377720345,0.8679010766749177,-1.7213892605672516,0.0,0.0,0.0,1.0,0.13398487815119767,-1.965361609065166,-0.8613372150555146,0.0,0.0,0.0,1.0
1677734146.0664055,4.59,2.42,8.25,0.08,-0.07,0.1,0.25628143726560976,0.6006062708360056,-0.058517035762023724,0.7550944900283446,-6.52,1.75,7.67,-0.03,-0.22,0.01,0.6397058625382755,0.17714161356436076,-0.40254197676258224,0.630362764701444,-4.26,3.92,7.41,0.04,0.06,0.05,0.9430901631032009,0.32061590209358837,-0.07772048090381739,-0.04178414090025046,-0.8988956147454494,0.9142597679114007,-1.7258666665098992,0.0,0.0,0.0,1.0,0.15467043787543136,-1.965679267210994,-0.8571359717712663,0.0,0.0,0.0,1.0
1677734146.0955057,4.62,2.47,8.33,0.02,-0.04,0.07,0.25708907232831024,0.5988926261294423,-0.05778928588234081,0.7562362261187691,-6.63,1.62,7.57,-0.0,-0.19,-0.03,0.6371870752536315,0.17590653741605958,-0.40559630956805276,0.6313011602149894,-4.4,3.81,7.41,0.03,0.11,0.02,0.9432928957953399,0.32019361910757943,-0.07671057380931397,-0.042308945752386425,-0.8732053082785736,0.9313838701466106,-1.7298949609802445,0.0,0.0,0.0,1.0,0.16213782762827203,-1.9666357310922324,-0.8535544657743317,0.0,0.0,0.0,1.0
1677734146.143422,4.55,2.58,8.25,0.08,-0.11,0.05,0.259140952653126,0.5948079874484298,-0.05822610749327641,0.758722047347881,-6.73,1.71,7.57,0.05,-0.22,-0.0,0.6335843183878117,0.17247026282111944,-0.4108437574821105,0.6324810881547738,-4.64,3.88,7.37,0.1,0.06,0.04,0.9436135108417583,0.3189614178296189,-0.07676225914243685,-0.044325068125831084,-0.835446587835382,0.9526159865277499,-1.7369662579008203,0.0,0.0,0.0,1.0,0.18184533392343805,-1.9679976989357604,-0.8464143970383685,0.0,0.0,0.0,1.0
1677734146.1733825,4.44,2.54,8.24,0.07,-0.09,0.05,0.26031508619877425,0.5924761756634708,-0.05833099626265509,0.7601352064228565,-6.62,1.8,7.52,0.03,-0.25,-0.01,0.6309040138700375,0.17024364021166077,-0.4144304726360018,0.63342293264521,-4.46,3.99,7.25,0.11,0.01,0.01,0.9436047543274628,0.31863753245558435,-0.07751671878443996,-0.04551207345440499,-0.8101135656254548,0.9697581933426852,-1.7394783865384307,0.0,0.0,0.0,1.0,0.1941236059398716,-1.968019750644425,-0.8436316060285772,0.0,0.0,0.0,1.0
1677734146.2564518,4.43,2.57,8.29,0.1,-0.06,0.07,0.2650969828528966,0.5865988858235308,-0.05839150246701441,0.7630306476626793,-6.57,1.91,7.5,0.03,-0.22,0.03,0.6241472849983966,0.16373408626349537,-0.42250096227043915,0.6364937175692635,-4.36,3.99,7.32,0.08,0.06,0.07,0.944590303923375,0.3153608027507208,-0.07733449495839202,-0.04812585284333059,-0.7498275561829861,1.0227593755674083,-1.7361514610418112,0.0,0.0,0.0,1.0,0.22164830263139898,-1.9671005386098925,-0.8389800360802928,0.0,0.0,0.0,1.0
